{"cameraMode":{"drawMode":0,"name":"Shaded","section":"Shading Mode"},"sceneLighting":true,"audioPlay":false,"sceneViewState":{"showFog":true,"showMaterialUpdate":false,"showSkybox":true,"showFlares":true,"showImageEffects":true,"showParticleSystems":true},"in2DMode":false,"pivot":{"x":-0.51776123046875,"y":0.864013671875,"z":-8.4798583984375},"rotation":{"x":0.10481344908475876,"y":-0.8944509625434876,"z":0.32599392533302309,"w":0.2875754237174988},"size":0.9774825572967529,"orthographic":true}